0rchid : 0rchid
3circles : 3Circles
acquaintedfowl : Fowl
addystrawbry : Addy
aetherius : Aetherius
aftert13 : After_T13
alduris : Alduris
anglesmudge : Smudge
anubisrah : Anubisrah
aprilistheworstmonth : AprilWORSTmonth
ariesclient : Aries_Client
av3ry : AV3RY
bismuthnebula : Bismuth
blobtic73391 : Blobtic
buzzbud : BuzzyBro
celebecca : CeleBecca
chlordeofmany : Chloe
chromaticalblight : ChromaticalBlight
clapom : Clapom
cocoaraptor : CocoaRaptor
complexcity : Complex_City
crafterz : refr_catz
creativegamer03 : CreativeGamer03
crimsont04 : Crimsont04
cyrusfang : Cy
dakras : Dakras
damoonlord : Damoonlord
dedniko : Dedniko
detrax : Detrax
dietpebsi : DietPebsi
dododecalogist : Dododecalogist
domezthedragon : Domez the Dragon
dragonly44 : Dragonly44
dragonpropaganda : DragonPropaganda
draxiomatica : Nocturne
drfunkk01 : DrFunkk
drymm : Drymm
dumpstirfire : dumpstirfire
dylanplayz2286 : dylanplayz2286
echidna1 : Mataneko
emptyraider101 : EmptyRaider101
equino : Equino
erm424242 : Erm42
ethanwantsfood : EthanWantsFood
fanc39cat : Fanc39cat
fatalerror404 : FatalError
flanace : FlanAce
forthfora : Forthfora
frogturtle56 : Frogturtle56
frostbite1036 : Five Frozen Lakes
funkytrashcan : FunkyTrashCan
gabkai11 : gabkai11
gal3olag : gal3o
galethecat : GaleTheCat
gamerguy35 : gamerguy35
germtlemaam : germtlemaam
gogurtyuri : Ovidia
gonterhaoz : GonterHaoz
greenca : Iterator-iterator
greyskyies : Grey_Skyies
haizlbliek : Haizlbliek
halfmoonrise : Halves
hallowfish : hallowfish
haysen : Haysen
heldensichel : Heldensichel
hennyburgr : hennyburgr
hobart : Hobart
imbadatusernamesokay : imbadatusernamesokay
inspectnerd : Inspectnerd
irri : Irri
itztheblu : BLU
iyonkoi : Yonko
izunachan : Izuna
jachii9 : Jachii
january : January
javadog64 : Javadog
justaguy2 : JustAGuy2
kalumrw : Kalum
karlmatito : Mr. Karl
katolato : Kato
kayjunchicken : Martes
kebasnaek : FluffSys
kemkemkemkemkemkem : Kem
kizorke : Kizorke
ko5i : Korii
lipuccka : Stero
lkelly10 : Lkelly
lode2 : Lode2
lowflyingplains : lowflyingplains
luckykitkat : LuckyKitKat
lunatav : Lunatav
luniular : Luniular
lwrcsv : lwrcsv
m-cool : M-Cool
magicajaphet : MagicaJaphet
maxthelord : MaxTheLord
memorycrypts : noelleCK
michiru6294 : michiru6294
miles4daze : 500mils
milksmansrevenge : Bat
mk-0 : Mk-0
mokie : Mokie_Voidcat
mole4068 : Pickle
mrptata : MrPtata
myrmice : Myrmice
nimble102 : Nimble
nopuddles : Nopuddles
novatheskeledragon : Nova
oscarriaq : Oscarriaq
overpoweredpizza : OverpoweredPizza
pelicaninimpiety : Pelican
piotr08 : Piotr08
plasmoidman : Plasmoidman
popsicle211 : Popsicle
prestopesto : PrestoPesto
puffballcrafter : Puffball
pur. : Pur
pykrite : Pykrite
randomerosion : RandomDirection
ratrixrose : Rose
rbor : Rbor
reincarnid : Reincarnid
renz20475 : Renz
restorer.of.worlds : Pinata
rnolis : RNolis
rolingp3 : RolinGP3
rostik630uwu : Rostik630
rotwall : Rotwall
scoutriley : ScoutRiley
skqrw : Sekq
slithersss : Slithersss
slythy : Slythy
sniffledorf : Sniffledorf
solaristheworstcatever : Solar
somerandomtarr : Tarr
soulwing98 : Soulwing98
sparkproot : sparkproot
spyrozyde : Spyrozyde
steellesstoaster : SteellessToaster
strayantony : Anton
tankium : Tankium
tapok109 : Tapok
tetraneo : TetraNeo
theburgerbox : TheBurgerBox
thenotsogoodgamer : thenotsogoodgamer
therealflarf : Flarf
thiccmothchick : Soup Moth
thysi : Thysi
timelostprotodrake : timelostprotodrake
tnthalflife32 : Rookie
totallydutch : TotallyDutch
trearilt : Trearilt
tronsx : Tronsx
tryn1010 : Tryn
ttheartist : T_The_Artist
ultimateunity : Ant
user23848 : user23848
vividyon : Viv
walekks : Walekks
wednesday77.648am : IOI
wonk : Wonk
wrayk : Wrayk
wtfmagnimmepac3 : tvfella
wtfmangimmepac3 : tvfella
zamtreon : Zamtreon
zar4za : Zaraza
zarquon : Zarquon
zedarel : Zedarel
zenodos : Zenodos
zombieboy139 : Zombieboy139
